Gene_ID,Gene_Name,,
AT1G77640,RAP2.1,,
AT5G59540,2OGD,,
AT3G48990,AAE3,,
AT5G22460,ABHP,,
AT4G26080,ABI1,,
AT2G36080,ABS2,,
AT1G30650,ABT1,,
AT5G02480,ACD55,,
AT1G62380,ACO2,,
AT1G77330,ACO5,,
AT4G34710,ADC2,,
AT1G06080,ADS1,,
AT2G25940,AEP1,,
AT3G57550,AGK2,,
AT1G17310,AGL100,,
AT1G67330,AGM2,,
AT3G13520,AGP12,,
AT3G21510,AHP1,,
AT3G50310,AIK1,,
AT2G14170,ALDH6B2,,
AT2G36320,AN1,,
AT1G52890,ANAC19,,
AT4G00730,ANL2,,
AT3G22370,AOX1A,,
AT5G02760,APD7,,
AT3G59900,ARGOS,,
AT2G44080,ARL,,
AT1G59940,ARR3,,
AT2G26290,ARSK1,,
AT4G35160,ASMT,,
AT1G66180,ASP,,
AT1G33260,AT1G33260,,
AT1G64470,AT1G64470,,
AT1G71970,AT1G71970,,
AT1G76070,AT1G76070,,
AT2G04795,AT2G04795,,
AT2G15830,AT2G15830,,
AT2G15960,AT2G15960,,
AT2G28570,AT2G28570,,
AT3G11690,AT3G11690,,
AT3G19200,AT3G19200,,
AT3G60200,AT3G60200,,
AT4G34419,AT4G34419,,
AT5G24570,AT5G24570,,
AT5G42530,AT5G42530,,
AT5G50335,AT5G50335,,
AT5G55620,AT5G55620,,
AT5G57123,AT5G57123,,
AT5G57760,AT5G57760,,
AT5G67020,AT5G67020,,
AT5G44440,AtBBE28,,
AT3G24450,AtHMP27,,
AT1G49200,ATL75,,
AT1G76410,ATL8,,
AT3G20395,ATL92,,
AT1G16370,ATOCT6,,
AT5G03890,ATPADRE19,,
AT1G18290,ATPADRE3,,
AT2G27860,AXS1,,
AT1G70230,AXY4,,
AT4G12470,AZI1,,
AT1G18740,B1L,,
AT4G22840,BASS6,,
AT4G27310,BBX28,,
AT1G23730,BCA3,,
AT1G10060,BCAT1,,
AT1G50110,BCAT6,,
AT5G17780,BDG4,,
AT1G73830,BEE3,,
AT4G36780,BEH2,,
AT4G05150,Bem1p,,
AT5G12050,BG1,,
AT5G20710,BGAL7,,
AT5G51780,bHLH,,
AT2G43140,bHLH129,,
AT2G31730,BHLH154,,
AT5G18670,BMY3,,
AT2G47160,BOR1,,
AT3G12920,BRG3,,
AT1G75080,BZR1,,
AT3G44260,CAF1a,,
AT4G03540,CASPL1C1,,
AT4G16442,CASPL2B1,,
AT2G39180,CCR2,,
AT1G70710,CEL1,,
AT1G02205,CER1,,
AT2G32560,CFH1,,
AT5G38700,CFP,,
AT5G40590,CHP1,,
AT1G53340,CHP2,,
AT2G02680,CHP3,,
AT5G03280,CKR1,,
AT5G12170,CLT3,,
AT5G59040,COPT3,,
AT2G34080,CPP,,
AT4G21410,CRK29,,
AT5G03730,CTR1,,
AT5G18470,CURP,,
AT3G22120,CWLP,,
AT5G06570,CXE15,,
AT1G49660,CXE5,,
AT3G60550,CYCP3,,
AT5G48000,CYP708A2,,
AT4G37410,CYP81F4,,
AT1G64940,CYP89A6,,
AT2G27690,CYP94C1,,
AT2G23180,CYP96A1,,
AT3G61440,CYSC1,,
AT1G56220,DAP2,,
AT4G22470,DHYPRP1,,
AT1G58170,DIR19,,
AT2G17880,DJC24,,
AT1G21080,DNAJ,,
AT1G21910,DREB26,,
AT1G75490,DREB2A,,
AT1G50040,DUF1005,,
AT5G62280,DUF1442 ,,
AT2G15760,DUF1645,,
AT1G72510,DUF1677 ,,
AT3G20300,DUF3537,,
AT1G77145,DUF506,,
AT2G20670,DUF506,,
AT3G07350,DUF506,,
AT4G32480,DUF506,,
AT1G63410,DUF567,,
AT1G21050,DUF617,,
AT5G06990,DUF617,,
AT1G32690,DUF740,,
AT4G13395,DVL10,,
AT1G18100,E12A11,,
AT1G21400,E1A1,,
AT5G19120,EAPP,,
AT2G25490,EBF1,,
AT5G25350,EBF2,,
AT3G16770,EBP,,
AT4G37890,EDA40,,
AT1G68840,EDF2,,
AT3G25730,EDF3,,
AT1G05010,EFE,,
AT5G21120,EIL2,,
AT5G57920,ENODL10,,
AT3G30775,ERD5,,
AT1G08930,ERD6,,
AT3G23240,ERF1B,,
AT4G17500,ERF1A,,
AT1G28370,ERF11,,
AT5G47220,ERF2,,
AT5G47230,ERF5,,
AT1G36060,ERF55,,
AT2G40940,ERS1,,
AT1G04310,ERS2,,
AT1G20900,ESC,,
AT5G25190,ESE3,,
AT1G01380,ETC1,,
AT3G23150,ETR2,,
AT2G35260,EVR2,,
AT5G21090,ExLRR13,,
AT1G69530,EXP1,,
AT1G26770,EXPA10,,
AT5G22940,F8H,,
AT5G64440,FAAH,,
AT3G23880,F-box protein1,,
AT2G36090,F-box protein2,,
AT3G07870,FBX92,,
AT5G14780,FDH,,
AT4G02715,FLO11,,
AT5G46330,FLS2,,
AT5G61290,FMO,,
AT2G16630,FOCL1,,
AT5G14920,GASA14,,
AT3G60530,GATA4,,
AT3G28340,GATL10,,
AT5G26220,GGCT2;1,,
AT1G48690,GH3,,
AT2G44570,GH9B12,,
AT1G48930,GH9C1,,
AT3G63010,GID1B,,
AT5G27320,GID1C,,
AT2G39000,GNAT4,,
AT2G47180,GolS1,,
AT2G05510,GRP,,
AT2G29470,GSTU3,,
AT3G09270,GSTU8,,
AT5G02230,HAD,,
AT5G59220,HAI1,,
AT3G60390,HAT3,,
AT2G18350,HB24,,
AT5G53980,HB52,,
AT5G67060,HEC1,,
AT3G50330,HEC2,,
AT1G18570,HIG1,,
AT1G22990,HIPP22,,
AT4G35060,HIPP25,,
AT3G01290,HIR2,,
AT4G37580,HLS1,,
AT1G76490,HMG1,,
AT5G13500,HPAT3,,
AT3G23170,HUP39,,
AT4G27450,HUP54,,
AT5G01210,HXXXD1,,
AT2G39980,HXXXD2,,
AT4G15550,IAGLU,,
AT2G43060,IBH1,,
AT3G18715,IDL4,,
AT1G21130,IGMT4,,
AT1G51800,IOS1,,
AT5G19040,IPT5,,
AT4G19680,IRT2,,
AT1G19180,JAZ1,,
AT1G72450,JAZ6,,
AT1G04220,KCS2,,
AT1G26930,KRP,,
AT2G40540,KT2,,
AT1G31350,KUF1,,
AT5G48890,LATE,,
AT5G60520,LEA,,
AT4G28350,LECRK-VII.2,,
AT5G13910,LEP,,
AT4G35190,LOG5,,
AT5G12330,LRP1,,
AT4G06744,LRR1,,
AT3G22800,LRR2,,
AT3G05890,LTI6B,,
AT2G39400,MAGL6,,
AT5G66460,MAN7,,
AT1G07150,MAPKKK13,,
AT5G67080,MAPKKK19,,
AT4G21910,DTX39,,
AT5G17700,DTX25,,
AT2G42620,MAX2,,
AT5G03700,MBL,,
AT1G79320,MC6,,
AT1G73500,MKK9,,
AT4G11330,MPK5,,
AT3G58060,MTP8,,
AT5G53830,MVQ3,,
AT1G06180,MYB13,,
AT2G31180,MYB14,,
AT1G74650,MYB31,,
AT1G57560,MYB50,,
AT2G23290,MYB70,,
AT4G37260,MYB73,,
AT3G15500,NAC3,,
AT5G39610,NAC6,,
AT1G79750,NADP-ME4,,
AT2G44070,NagB,,
AT4G15545,NAIP1,,
AT4G10380,NIP5;1,,
AT1G59740,NPF4.3,,
AT5G48800,NRL28,,
AT1G69870,NRT1.7,,
AT3G16400,NSP1,,
AT5G64410,OPT4,,
AT3G29035,ORS1,,
AT3G10120,PADRE,,
AT4G37240,PADRE,,
AT5G04230,PAL3,,
AT1G09530,PAP3,,
AT1G29160,PAPL1,,
AT3G54040,PAR1 ,,
AT5G54490,PBP1,,
AT3G49360,PGL2,,
AT3G24120,PHL2,,
AT1G26270,PI3/4,,
AT2G39210,PIC30,,
AT4G32285,PICALM4b,,
AT2G34650,PID,,
AT2G46970,PIL1,,
AT5G46710,PLATZ,,
AT1G53830,PME2,,
AT3G11410,PP2CA,,
AT5G44580,PROSCOOP10,,
AT4G13660,PRR2,,
AT1G78480,PTP,,
AT5G01180,PTR5,,
AT2G35930,PUB23,,
AT1G19770,PUP14,,
AT5G05440,PYL5,,
AT3G22750,RAF39,,
AT3G14230,RAP2.2,,
AT1G43160,RAP2.6,,
AT5G13330,Rap2.6L,,
AT2G36890,RAX2,,
AT1G62510,RC-expressed,,
AT1G19530,RGAT1,,
AT4G11370,RHA1A,,
AT5G18260,RING/U,,
AT4G03510,RMA1,,
AT1G07440,RMFP1,,
AT4G03140,RMFP2,,
AT1G53690,RPB12,,
AT3G16857,RR1,,
AT1G27740,RSL4,,
AT2G26070,RTE1,,
AT2G39705,RTFL8,,
AT1G19900,RUBY,,
AT3G23810,SAHH2,,
AT2G46690,SAUR32,,
AT4G12410,SAUR35,,
AT5G03310,SAUR44,,
AT1G75590,SAUR52,,
AT3G53250,SAUR57,,
AT3G60690,SAUR59,,
AT5G20820,SAUR76,,
AT1G17345,SAUR77,,
AT4G14030,SBP1,,
AT1G50420,SCL3,,
AT2G22970,SCPL11,,
AT5G08260,scpl35,,
AT1G61370,SD-RLK,,
AT4G35750,SEC14 ,,
AT2G26740,SEH,,
AT1G55920,SERAT2;1,,
AT5G22270,SIED1,,
AT5G24030,SLAH3,,
AT5G57710,SMAX1,,
AT5G63650,SNRK2.5,,
AT1G76500,SOB3,,
AT1G01650,SPPL4,,
AT1G67360,SRP1,,
AT2G41300,SSL1,,
AT5G07010,ST2A,,
AT5G22890,STOP2,,
AT5G66170,STR18,,
AT1G13930,STRP,,
AT4G38470,STY46,,
AT4G08620,SULTR1;1,,
AT1G23090,SULTR3,,
AT4G14930,SurE,,
AT1G09960,SUT4,,
AT3G45280,SYP72,,
AT4G01335,TAF1B,,
AT1G25560,TEM1,,
AT1G17810,TIP3;2,,
AT4G23510,TIR-NBS-LRR,,
AT5G57400,TMP1,,
AT5G48175,TMP2,,
AT3G52480,TMP3,,
AT3G47510,TMP4,,
AT2G21185,TMP5,,
AT3G20900,TMP6,,
AT2G01580,TMP7,,
AT2G18690,TMP8,,
AT4G01870,tolB,,
AT2G37025,TRFL8,,
AT5G66440,Trm6,,
AT3G15450,TSJT1,,
AT5G44260,TZF5,,
AT2G16740,UBC29,,
AT3G20830,UCNL,,
AT1G10140,UCP031279,,
AT2G30150,UDPGT,,
AT5G05880,UGT76C4,,
AT5G49690,UGT91C1,,
AT4G28040,UMAMIT33,,
AT4G30420,UMAMIT34,,
AT1G28520,VOZ1,,
AT2G22880,VQ12,,
AT1G21326,VQMP,,
AT5G49665,WAV3,,
AT2G22680,WAVH1,,
AT1G24530,WD40a,,
AT4G34380,WD40b,,
AT3G03660,WOX11,,
AT5G17810,WOX12,,
AT1G79700,WRI4,,
AT5G07100,WRKY26,,
AT3G01970,WRKY45,,
AT4G01720,WRKY47,,
AT5G13080,WRKY75,,
AT2G32150,XMPP,,
AT4G14130,XTH15,,
AT2G01530,ZCE2,,
AT1G10480,ZFP5,,
AT3G60520,ZIBP,,
